First Name,Middle Name,Last Name,Birthday,Gender
charles,galo,pua,07/24/2005,Male
Paul Benedict,Viray,Collo,05/18/2005,Male
Alexa Joyce,Gameng,Cueto,01/30/2005,Female
Sheryll,Danao,Baccay,11/30/2004,Femalehey,hi,hello,07/24/2005,Other
try,try,try,08/06/2007,Male
trey,trey,TREY,05/18/2005,Female
trevino,trevino,trevinohey,01/01/2001,Female
trevino,trevino,trevino,08/08/2005,Other
Alexa Joyce,Gameng,Cueto,01/30/2005,Female
Alexa Joyce,Gameng,Cueto,01/30/2005,Female
Anne,Curtis,Smith,02/17/1985,Female
